{
    "window_size": 144,
    "normalize_features": true,
    "stl_window": null,
    "stl_trend": null,
    "wavelet_name": "db4",
    "wavelet_levels": 2,
    "wavelet_mode": "symmetric",
    "mtm_window_len": 168,
    "mtm_step": 1,
    "mtm_time_bandwidth": 5.0,
    "mtm_num_tapers": null,
    "mtm_freq_bands": [
        [
            0,
            0.01
        ],
        [
            0.01,
            0.06
        ],
        [
            0.06,
            0.2
        ],
        [
            0.2,
            0.5
        ]
    ],
    "tapper_plot_points": 480,
    "l2_reg": 1e-05,
    "output_file": "examples/results/phase_3_2/phase_3_2_cnn_25200_1h_prediction.csv",
    "threshold_error": 1000.0,
    "save_log": "examples/results/phase_3_2/phase_3_2_cnn_25200_1h_debug_out.json",
    "load_config": "examples/config/phase_3_2/phase_3_2_cnn_1h_config.json",
    "save_config": "examples/results/phase_3_2/phase_3_2_cnn_25200_1h_config_out.json"
}